subject_id	predicate_modifier	predicate_id	object_id	creator_id	mapping_justification	comment	issue_tracker_item	date
bioregistry:aaindex		skos:exactMatch	integbio:nbdc00004	orcid:0009-0009-5240-7463	semapv:MappingReview			2025-04-03
bioregistry:aao	Not	skos:exactMatch	agroportal:AAO	orcid:0000-0001-9439-5346	semapv:MappingReview		1457	2025-03-31
bioregistry:abcam		skos:exactMatch	cellosaurus:Abcam	orcid:0009-0008-8406-631X	semapv:ManualMappingCuration		1496	2025-04-11
bioregistry:abcd	Not	skos:exactMatch	fairsharing:FAIRsharing.kr3215	orcid:0000-0003-4423-4370	semapv:ManualMappingCuration			2025-03-30
bioregistry:abs	Not	skos:exactMatch	aberowl:ABS	orcid:0000-0003-4423-4370	semapv:ManualMappingCuration			2025-03-30
bioregistry:ac	Not	skos:exactMatch	bioportal:AC	orcid:0000-0003-4423-4370	semapv:ManualMappingCuration			2025-03-30
bioregistry:ac	Not	skos:exactMatch	fairsharing:FAIRsharing.md3e78	orcid:0000-0003-4423-4370	semapv:ManualMappingCuration			2025-03-30
bioregistry:ac	Not	skos:exactMatch	lov:ac	orcid:0000-0003-4423-4370	semapv:ManualMappingCuration			2025-03-30
bioregistry:adw		skos:exactMatch	aberowl:ADW	orcid:0009-0008-8406-631X	semapv:ManualMappingCuration		1496	2025-04-11
bioregistry:adw		skos:exactMatch	fairsharing:FAIRsharing.t9fvdn	orcid:0009-0008-8406-631X	semapv:ManualMappingCuration		1496	2025-04-11
bioregistry:aeo	Not	skos:exactMatch	agroportal:AEO	orcid:0000-0003-4423-4370	semapv:ManualMappingCuration			2025-03-30
bioregistry:afo		skos:exactMatch	aberowl:AFO	orcid:0009-0008-8406-631X	semapv:ManualMappingCuration		1496	2025-04-11
bioregistry:afo	Not	skos:exactMatch	agroportal:AFO	orcid:0000-0003-4423-4370	semapv:ManualMappingCuration			2025-03-30
bioregistry:afo	Not	skos:exactMatch	fairsharing:FAIRsharing.595710	orcid:0000-0001-9439-5346	semapv:MappingReview		1457	2025-03-31
bioregistry:agricola	Not	skos:exactMatch	lov:agr	orcid:0000-0003-4423-4370	semapv:ManualMappingCuration			2025-03-30
bioregistry:agricola	Not	skos:exactMatch	uniprot:DB-0266	orcid:0000-0001-9439-5346	semapv:MappingReview		1457	2025-03-31
bioregistry:agrkb		skos:exactMatch	uniprot:DB-0266	orcid:0000-0003-4423-4370	semapv:MappingReview		1520	2025-04-08
bioregistry:antweb		skos:exactMatch	ncbi:AntWeb	orcid:0009-0008-8406-631X	semapv:ManualMappingCuration		1496	2025-04-11
bioregistry:antweb		skos:exactMatch	wikidata:P5299	orcid:0009-0008-8406-631X	semapv:ManualMappingCuration		1496	2025-04-11
bioregistry:apaonto		skos:exactMatch	fairsharing:FAIRsharing.gkw1w8	orcid:0009-0008-8406-631X	semapv:ManualMappingCuration		1496	2025-04-11
bioregistry:apollosv		skos:exactMatch	ontobee:APOLLO_SV	orcid:0009-0009-5240-7463	semapv:MappingReview			2025-04-03
bioregistry:ark	Not	skos:exactMatch	bartoc:20297	orcid:0000-0003-4423-4370	semapv:ManualMappingCuration			2025-03-30
bioregistry:arrayexpress		skos:exactMatch	cellosaurus:ArrayExpress	orcid:0009-0008-8406-631X	semapv:ManualMappingCuration		1496	2025-04-11
bioregistry:arxiv	Not	skos:exactMatch	bartoc:20434	orcid:0000-0001-9439-5346	semapv:MappingReview		1457	2025-03-31
bioregistry:arxiv		skos:exactMatch	wikidata:P818	orcid:0009-0008-8406-631X	semapv:ManualMappingCuration		1496	2025-04-11
bioregistry:astd		skos:exactMatch	prefixcommons:astd	orcid:0009-0009-5240-7463	semapv:MappingReview			2025-04-09
bioregistry:atc	Not	skos:exactMatch	agroportal:ATC	orcid:0000-0003-4423-4370	semapv:ManualMappingCuration			2025-03-30
bioregistry:atc	Not	skos:exactMatch	hl7:2.16.840.1.113883.6.77	orcid:0000-0003-4423-4370	semapv:ManualMappingCuration			2025-03-30
bioregistry:atc		skos:exactMatch	togoid:Atc	orcid:0009-0009-5240-7463	semapv:MappingReview			2025-04-03
bioregistry:atc		skos:exactMatch	wikidata:P267	orcid:0009-0008-8406-631X	semapv:ManualMappingCuration		1496	2025-04-11
bioregistry:bartoc		skos:exactMatch	wikidata:P2689	orcid:0009-0008-8406-631X	semapv:ManualMappingCuration		1496	2025-04-11
bioregistry:bcgo	Not	skos:exactMatch	bioportal:BCGO	orcid:0000-0001-9439-5346	semapv:MappingReview		1457	2025-03-31
bioregistry:bcgo	Not	skos:exactMatch	fairsharing:FAIRsharing.2hzttx	orcid:0000-0003-4423-4370	semapv:ManualMappingCuration			2025-03-30
bioregistry:bcio	Not	skos:exactMatch	aberowl:BCI-O	orcid:0009-0009-5240-7463	semapv:MappingReview			2025-04-03
bioregistry:bcio	Not	skos:exactMatch	bioportal:BCI-O	orcid:0009-0009-5240-7463	semapv:MappingReview			2025-04-03
bioregistry:bcrc		skos:exactMatch	cellosaurus:BCRC	orcid:0009-0009-5240-7463	semapv:MappingReview			2025-04-03
bioregistry:bila		skos:exactMatch	prefixcommons:4dxpress	orcid:0009-0009-5240-7463	semapv:MappingReview			2025-04-03
bioregistry:bind		skos:exactMatch	pathguide:1	orcid:0009-0009-5240-7463	semapv:MappingReview			2025-04-09
bioregistry:bind		skos:exactMatch	prefixcommons:bind	orcid:0009-0009-5240-7463	semapv:MappingReview			2025-04-03
bioregistry:biogrid		skos:exactMatch	uniprot:DB-0184	orcid:0009-0008-8406-631X	semapv:ManualMappingCuration		1496	2025-04-11
bioregistry:biorxiv		skos:exactMatch	wikidata:P3951	orcid:0009-0008-8406-631X	semapv:ManualMappingCuration		1496	2025-04-11
bioregistry:bmrb		skos:exactMatch	uniprot:DB-0256	orcid:0009-0008-8406-631X	semapv:ManualMappingCuration		1496	2025-04-11
bioregistry:bold.taxonomy		skos:exactMatch	wikidata:P3606	orcid:0009-0008-8406-631X	semapv:ManualMappingCuration		1496	2025-04-11
bioregistry:bto	Not	skos:exactMatch	lov:bto	orcid:0000-0003-4423-4370	semapv:ManualMappingCuration			2025-03-30
bioregistry:cabri		skos:exactMatch	edam:2380	orcid:0009-0008-8406-631X	semapv:ManualMappingCuration		1496	2025-04-11
bioregistry:cao	Not	skos:exactMatch	aberowl:CAO	orcid:0009-0008-8406-631X	semapv:ManualMappingCuration		1496	2025-04-11
bioregistry:cao	Not	skos:exactMatch	fairsharing:FAIRsharing.wp0134	orcid:0009-0008-8406-631X	semapv:ManualMappingCuration		1496	2025-04-11
bioregistry:cc	Not	skos:exactMatch	aberowl:CC	orcid:0009-0009-5240-7463	semapv:MappingReview			2025-04-03
bioregistry:ccds		skos:exactMatch	togoid:Ccds	orcid:0009-0008-8406-631X	semapv:ManualMappingCuration		1496	2025-04-11
bioregistry:ccds		skos:exactMatch	uniprot:DB-0187	orcid:0009-0009-5240-7463	semapv:MappingReview			2025-04-03
bioregistry:ccf	Not	skos:exactMatch	re3data:r3d100012657	orcid:0009-0009-5240-7463	semapv:MappingReview			2025-04-03
bioregistry:cco	Not	skos:exactMatch	bartoc:20461	orcid:0009-0009-5240-7463	semapv:MappingReview			2025-04-03
bioregistry:cco	Not	skos:exactMatch	lov:cco	orcid:0000-0003-4423-4370	semapv:ManualMappingCuration			2025-03-30
bioregistry:cdd	Not	skos:exactMatch	fairsharing:FAIRsharing.ea287c	orcid:0009-0009-5240-7463	semapv:MappingReview			2025-04-03
bioregistry:cdd	Not	skos:exactMatch	re3data:r3d100012041	orcid:0009-0009-5240-7463	semapv:MappingReview			2025-04-03
bioregistry:cgnc	Not	skos:exactMatch	re3data:r3d100012429	orcid:0009-0009-5240-7463	semapv:MappingReview			2025-04-03
bioregistry:cgsc		skos:exactMatch	go:CGSC	orcid:0009-0008-8406-631X	semapv:ManualMappingCuration		1496	2025-04-11
bioregistry:chr		skos:exactMatch	aberowl:CHR	orcid:0009-0008-8406-631X	semapv:ManualMappingCuration		1496	2025-04-11
bioregistry:citexplore	Not	skos:exactMatch	aberowl:CTX	orcid:0000-0003-4423-4370	semapv:ManualMappingCuration			2025-03-30
bioregistry:citexplore	Not	skos:exactMatch	bioportal:CTX	orcid:0000-0003-4423-4370	semapv:ManualMappingCuration			2025-03-30
bioregistry:citexplore	Not	skos:exactMatch	fairsharing:FAIRsharing.619eqr	orcid:0000-0001-9439-5346	semapv:MappingReview		1457	2025-03-31
bioregistry:cl	Not	skos:exactMatch	lov:cl	orcid:0000-0003-4423-4370	semapv:ManualMappingCuration			2025-03-30
bioregistry:clinicaltrials		skos:exactMatch	wikidata:P3098	orcid:0009-0008-8406-631X	semapv:ManualMappingCuration		1496	2025-04-11
bioregistry:clinvar		skos:exactMatch	cellosaurus:ClinVar	orcid:0009-0008-8406-631X	semapv:ManualMappingCuration		1496	2025-04-11
bioregistry:cmo	Not	skos:exactMatch	lov:cmo	orcid:0000-0003-4423-4370	semapv:ManualMappingCuration			2025-03-30
bioregistry:co_326		skos:exactMatch	cropoct:CO_326	orcid:0009-0008-8406-631X	semapv:ManualMappingCuration		1496	2025-04-11
bioregistry:co_343		skos:exactMatch	agroportal:CO_343	orcid:0009-0008-8406-631X	semapv:ManualMappingCuration		1496	2025-04-11
bioregistry:co_343		skos:exactMatch	fairsharing:FAIRsharing.7e9cff	orcid:0009-0008-8406-631X	semapv:ManualMappingCuration		1496	2025-04-11
bioregistry:co_345		skos:exactMatch	fairsharing:FAIRsharing.9e9683	orcid:0009-0008-8406-631X	semapv:ManualMappingCuration		1496	2025-04-11
bioregistry:co_346		skos:exactMatch	agroportal:CO_346	orcid:0009-0008-8406-631X	semapv:ManualMappingCuration		1496	2025-04-11
bioregistry:co_365		skos:exactMatch	agroportal:CO_365	orcid:0009-0008-8406-631X	semapv:ManualMappingCuration		1496	2025-04-11
bioregistry:cog		skos:exactMatch	go:COG_Cluster	orcid:0009-0009-5240-7463	semapv:MappingReview			2025-04-03
bioregistry:cog		skos:exactMatch	togoid:Cog	orcid:0009-0009-5240-7463	semapv:MappingReview			2025-04-03
bioregistry:cog.pathway		skos:exactMatch	go:COG_Pathway	orcid:0009-0009-5240-7463	semapv:MappingReview			2025-04-03
bioregistry:come		skos:exactMatch	prefixcommons:come	orcid:0009-0008-8406-631X	semapv:ManualMappingCuration		1496	2025-04-11
bioregistry:complexportal		skos:exactMatch	uniprot:DB-0228	orcid:0009-0008-8406-631X	semapv:ManualMappingCuration		1496	2025-04-11
bioregistry:conoserver		skos:exactMatch	uniprot:DB-0156	orcid:0009-0009-5240-7463	semapv:MappingReview			2025-04-03
bioregistry:cp	Not	skos:exactMatch	fairsharing:FAIRsharing.wP3t2L	orcid:0000-0003-4423-4370	semapv:ManualMappingCuration			2025-03-30
bioregistry:cpc	Not	skos:exactMatch	fairsharing:FAIRsharing.e08886	orcid:0009-0009-5240-7463	semapv:MappingReview			2025-04-03
bioregistry:cran		skos:exactMatch	wikidata:P5565	orcid:0009-0008-8406-631X	semapv:ManualMappingCuration		1496	2025-04-11
bioregistry:cro	Not	skos:exactMatch	lov:cro	orcid:0000-0003-4423-4370	semapv:ManualMappingCuration			2025-03-30
bioregistry:csp	Not	skos:exactMatch	lov:csp	orcid:0000-0003-4423-4370	semapv:ManualMappingCuration			2025-03-30
bioregistry:csp	Not	skos:exactMatch	pathguide:192	orcid:0009-0009-5240-7463	semapv:MappingReview			2025-04-03
bioregistry:cst	Not	skos:exactMatch	aberowl:CST	orcid:0000-0003-4423-4370	semapv:ManualMappingCuration			2025-03-30
bioregistry:cst	Not	skos:exactMatch	bioportal:CST	orcid:0000-0003-4423-4370	semapv:ManualMappingCuration			2025-03-30
bioregistry:cst	Not	skos:exactMatch	hl7:2.16.840.1.113883.6.62	orcid:0000-0003-4423-4370	semapv:ManualMappingCuration			2025-03-30
bioregistry:cto	Not	skos:exactMatch	lov:cto	orcid:0000-0003-4423-4370	semapv:ManualMappingCuration			2025-03-30
bioregistry:dbest		skos:exactMatch	integbio:nbdc00413	orcid:0009-0008-8406-631X	semapv:ManualMappingCuration		1496	2025-04-11
bioregistry:dbsnp		skos:exactMatch	go:dbSNP	orcid:0009-0008-8406-631X	semapv:ManualMappingCuration		1496	2025-04-11
bioregistry:dbsnp		skos:exactMatch	ncbi:dbSNP	orcid:0009-0009-5240-7463	semapv:MappingReview			2025-04-03
bioregistry:dc		skos:exactMatch	aberowl:dcelements	orcid:0009-0008-8406-631X	semapv:ManualMappingCuration		1496	2025-04-11
bioregistry:dcterms		skos:exactMatch	aberowl:dcterms	orcid:0009-0008-8406-631X	semapv:ManualMappingCuration		1496	2025-04-11
bioregistry:dicom		skos:exactMatch	fairsharing:FAIRsharing.b7z8by	orcid:0009-0009-5240-7463	semapv:MappingReview			2025-04-09
bioregistry:dicom	Not	skos:exactMatch	lov:dicom	orcid:0000-0003-4423-4370	semapv:ManualMappingCuration			2025-03-30
bioregistry:dictybase		skos:exactMatch	go:dictyBase	orcid:0009-0009-5240-7463	semapv:MappingReview			2025-04-03
bioregistry:dictybase		skos:exactMatch	ncbi:dictyBase	orcid:0009-0008-8406-631X	semapv:ManualMappingCuration		1496	2025-04-11
bioregistry:dmba		skos:exactMatch	ols:dmba	orcid:0009-0008-8406-631X	semapv:ManualMappingCuration		1496	2025-04-11
bioregistry:door	Not	skos:exactMatch	re3data:r3d100014113	orcid:0009-0009-5240-7463	semapv:MappingReview			2025-04-03
bioregistry:dpo	Not	skos:exactMatch	lov:dpo	orcid:0000-0003-4423-4370	semapv:ManualMappingCuration			2025-03-30
bioregistry:dpv	Not	skos:exactMatch	integbio:nbdc02410	orcid:0009-0009-5240-7463	semapv:MappingReview			2025-04-03
bioregistry:dpv	Not	skos:exactMatch	lov:dpv	orcid:0009-0009-5240-7463	semapv:MappingReview			2025-04-03
bioregistry:dpv	Not	skos:exactMatch	zazuko:dpv	orcid:0000-0003-4423-4370	semapv:ManualMappingCuration			2025-03-30
bioregistry:drugcentral		skos:exactMatch	wikidata:P11198	orcid:0009-0008-8406-631X	semapv:ManualMappingCuration		1496	2025-04-11
bioregistry:dsmz		skos:exactMatch	cellosaurus:DSMZCellDive	orcid:0009-0009-5240-7463	semapv:MappingReview			2025-04-03
bioregistry:dso	Not	skos:exactMatch	lov:dso	orcid:0000-0003-4423-4370	semapv:ManualMappingCuration			2025-03-30
bioregistry:duo		skos:exactMatch	bioportal:DUO	orcid:0009-0009-5240-7463	semapv:MappingReview			2025-04-03
bioregistry:eaglei		skos:exactMatch	re3data:r3d100011564	orcid:0009-0008-8406-631X	semapv:ManualMappingCuration		1496	2025-04-11
bioregistry:ec		skos:exactMatch	edam:1011	orcid:0009-0008-8406-631X	semapv:ManualMappingCuration		1496	2025-04-11
bioregistry:ec		skos:exactMatch	go:EC	orcid:0009-0008-8406-631X	semapv:ManualMappingCuration		1496	2025-04-11
bioregistry:edam		skos:exactMatch	ontobee:EDAM	orcid:0009-0009-5240-7463	semapv:MappingReview			2025-04-03
bioregistry:encode		skos:exactMatch	re3data:r3d100013051	orcid:0009-0008-8406-631X	semapv:ManualMappingCuration		1496	2025-04-11
bioregistry:enm		skos:exactMatch	aberowl:ENM	orcid:0009-0009-5240-7463	semapv:MappingReview			2025-04-03
bioregistry:eo	Not	skos:exactMatch	aberowl:EO	orcid:0009-0009-5240-7463	semapv:MappingReview			2025-04-03
bioregistry:eo	Not	skos:exactMatch	bioportal:EO	orcid:0000-0003-4423-4370	semapv:ManualMappingCuration			2025-03-30
bioregistry:eol	Not	skos:exactMatch	fairsharing:FAIRsharing.3J6NYn	orcid:0000-0003-4423-4370	semapv:ManualMappingCuration			2025-03-30
bioregistry:eol	Not	skos:exactMatch	re3data:r3d100011663	orcid:0009-0009-5240-7463	semapv:MappingReview			2025-04-03
bioregistry:eolife		skos:exactMatch	wikidata:P830	orcid:0009-0008-8406-631X	semapv:ManualMappingCuration		1496	2025-04-11
bioregistry:epd	Not	skos:exactMatch	uniprot:DB-0205	orcid:0009-0009-5240-7463	semapv:MappingReview			2025-04-03
bioregistry:epio	Not	skos:exactMatch	fairsharing:FAIRsharing.p6412v	orcid:0000-0003-4423-4370	semapv:ManualMappingCuration			2025-03-30
bioregistry:epo	Not	skos:exactMatch	aberowl:EPO	orcid:0000-0003-4423-4370	semapv:ManualMappingCuration			2025-03-30
bioregistry:epo	Not	skos:exactMatch	bioportal:EPO	orcid:0000-0003-4423-4370	semapv:ManualMappingCuration			2025-03-30
bioregistry:epso	Not	skos:exactMatch	fairsharing:FAIRsharing.p6412v	orcid:0000-0003-4423-4370	semapv:ManualMappingCuration			2025-03-30
bioregistry:erm		skos:exactMatch	fairsharing:FAIRsharing.c26a4e	orcid:0009-0008-8406-631X	semapv:ManualMappingCuration		1496	2025-04-11
bioregistry:exo		skos:exactMatch	ontobee:ExO	orcid:0009-0008-8406-631X	semapv:ManualMappingCuration		1496	2025-04-11
bioregistry:fbcv		skos:exactMatch	ontobee:FBcv	orcid:0009-0009-5240-7463	semapv:MappingReview			2025-04-03
bioregistry:fbtc		skos:exactMatch	cellosaurus:FlyBase_Cell_line	orcid:0009-0008-8406-631X	semapv:ManualMappingCuration		1496	2025-04-11
bioregistry:flybase		skos:exactMatch	go:FB	orcid:0009-0008-8406-631X	semapv:ManualMappingCuration		1496	2025-04-11
bioregistry:foaf		skos:exactMatch	aberowl:foaf	orcid:0009-0008-8406-631X	semapv:ManualMappingCuration		1496	2025-04-11
bioregistry:foaf		skos:exactMatch	bioportal:FOAF	orcid:0009-0009-5240-7463	semapv:MappingReview			2025-04-03
bioregistry:gemet		skos:exactMatch	agroportal:GEMET	orcid:0009-0008-8406-631X	semapv:ManualMappingCuration		1496	2025-04-11
bioregistry:gemet		skos:exactMatch	bartoc:16	orcid:0009-0009-5240-7463	semapv:MappingReview			2025-04-03
bioregistry:genatlas		skos:exactMatch	uniprot:DB-0027	orcid:0009-0009-5240-7463	semapv:MappingReview			2025-04-03
bioregistry:genbase	Not	skos:exactMatch	fairsharing:FAIRsharing.3da56b	orcid:0000-0003-4423-4370	semapv:ManualMappingCuration			2025-03-30
bioregistry:geo	Not	skos:exactMatch	aberowl:GEO	orcid:0000-0003-4423-4370	semapv:ManualMappingCuration			2025-03-30
bioregistry:geo	Not	skos:exactMatch	biocontext:GEO	orcid:0000-0003-4423-4370	semapv:ManualMappingCuration			2025-03-30
bioregistry:geo	Not	skos:exactMatch	bioportal:GEO	orcid:0000-0003-4423-4370	semapv:ManualMappingCuration			2025-03-30
bioregistry:geo		skos:exactMatch	edam:1147	orcid:0009-0009-5240-7463	semapv:MappingReview			2025-04-06
bioregistry:geo	Not	skos:exactMatch	fairsharing:FAIRsharing.27rndz	orcid:0000-0003-4423-4370	semapv:ManualMappingCuration			2025-03-30
bioregistry:geo	Not	skos:exactMatch	lov:geo	orcid:0000-0003-4423-4370	semapv:ManualMappingCuration			2025-03-30
bioregistry:geo	Not	skos:exactMatch	obofoundry:geo	orcid:0000-0003-4423-4370	semapv:ManualMappingCuration			2025-03-30
bioregistry:geo	Not	skos:exactMatch	ols:geo	orcid:0000-0003-4423-4370	semapv:ManualMappingCuration			2025-03-30
bioregistry:geo	Not	skos:exactMatch	ontobee:GEO	orcid:0000-0003-4423-4370	semapv:ManualMappingCuration			2025-03-30
bioregistry:geo	Not	skos:exactMatch	zazuko:geo	orcid:0000-0003-4423-4370	semapv:ManualMappingCuration			2025-03-30
bioregistry:geonames	Not	skos:exactMatch	fairsharing:FAIRsharing.56a0Uj	orcid:0000-0003-4423-4370	semapv:ManualMappingCuration			2025-03-30
bioregistry:geonames		skos:exactMatch	fairsharing:FAIRsharing.6dba71	orcid:0009-0008-8406-631X	semapv:ManualMappingCuration		1496	2025-04-11
bioregistry:giardiadb		skos:exactMatch	integbio:nbdc01782	orcid:0009-0008-8406-631X	semapv:ManualMappingCuration		1496	2025-04-11
bioregistry:giardiadb		skos:exactMatch	prefixcommons:giardiadb	orcid:0009-0008-8406-631X	semapv:ManualMappingCuration		1496	2025-04-11
bioregistry:glytoucan		skos:exactMatch	togoid:Glytoucan	orcid:0009-0008-8406-631X	semapv:ManualMappingCuration		1496	2025-04-11
bioregistry:glytoucan	Not	skos:exactMatch	uniprot:DB-0254	orcid:0009-0008-8406-631X	semapv:ManualMappingCuration	Glytoucan is the actual identifier resource whereas UniProt here refers to GlyGen as a database.	1496	2025-04-11
bioregistry:gnd	Not	skos:exactMatch	prefixcommons:gnd	orcid:0000-0003-4423-4370	semapv:ManualMappingCuration			2025-03-30
bioregistry:gold	Not	skos:exactMatch	lov:gold	orcid:0000-0003-4423-4370	semapv:ManualMappingCuration			2025-03-30
bioregistry:google.book		skos:exactMatch	wikidata:P675	orcid:0009-0008-8406-631X	semapv:ManualMappingCuration		1496	2025-04-11
bioregistry:google.scholar		skos:exactMatch	wikidata:P1960	orcid:0009-0008-8406-631X	semapv:ManualMappingCuration		1496	2025-04-11
bioregistry:gorel		skos:exactMatch	go:GOREL	orcid:0009-0008-8406-631X	semapv:ManualMappingCuration		1496	2025-04-11
bioregistry:gramene.growthstage		skos:exactMatch	obofoundry:gro	orcid:0009-0008-8406-631X	semapv:ManualMappingCuration		1496	2025-04-11
bioregistry:gramene.growthstage		skos:exactMatch	prefixcommons:gramene.po	orcid:0009-0008-8406-631X	semapv:ManualMappingCuration		1496	2025-04-11
bioregistry:grin.taxonomy		skos:exactMatch	go:GRIN	orcid:0009-0008-8406-631X	semapv:ManualMappingCuration		1496	2025-04-11
bioregistry:grin.taxonomy		skos:exactMatch	ncbi:GRIN	orcid:0009-0008-8406-631X	semapv:ManualMappingCuration		1496	2025-04-11
bioregistry:gro	Not	skos:exactMatch	biocontext:GRO	orcid:0000-0003-4423-4370	semapv:ManualMappingCuration			2025-03-30
bioregistry:gro	Not	skos:exactMatch	miriam:gro	orcid:0000-0003-4423-4370	semapv:ManualMappingCuration			2025-03-30
bioregistry:gro	Not	skos:exactMatch	obofoundry:gro	orcid:0000-0003-4423-4370	semapv:ManualMappingCuration			2025-03-30
bioregistry:gtdb	Not	skos:exactMatch	pathguide:190	orcid:0009-0009-5240-7463	semapv:MappingReview			2025-04-03
bioregistry:gwascentral.study		skos:exactMatch	prefixcommons:hgvbase	orcid:0009-0008-8406-631X	semapv:ManualMappingCuration		1496	2025-04-11
bioregistry:hdl		skos:exactMatch	fairsharing:FAIRsharing.0b7e54	orcid:0009-0009-5240-7463	semapv:MappingReview			2025-04-03
bioregistry:hgmd		skos:exactMatch	edam:3265	orcid:0009-0008-8406-631X	semapv:ManualMappingCuration		1496	2025-04-11
bioregistry:hgnc		skos:exactMatch	ncbi:HGNC	orcid:0009-0008-8406-631X	semapv:ManualMappingCuration		1496	2025-04-11
bioregistry:hmdb		skos:exactMatch	togoid:Hmdb	orcid:0009-0008-8406-631X	semapv:ManualMappingCuration		1496	2025-04-11
bioregistry:homologene		skos:exactMatch	togoid:Homologene	orcid:0009-0008-8406-631X	semapv:ManualMappingCuration		1496	2025-04-11
bioregistry:hp	Not	skos:exactMatch	aberowl:HP_O	orcid:0000-0001-9439-5346	semapv:ManualMappingCuration		1434	2025-03-02
bioregistry:hp	Not	skos:exactMatch	bioportal:HP_O	orcid:0000-0001-9439-5346	semapv:ManualMappingCuration		1434	2025-03-02
bioregistry:hp	Not	skos:exactMatch	lov:hpo	orcid:0000-0001-9439-5346	semapv:ManualMappingCuration		1434	2025-03-02
bioregistry:hpa		skos:exactMatch	uniprot:DB-0046	orcid:0009-0008-8406-631X	semapv:ManualMappingCuration		1496	2025-04-11
bioregistry:hpath	Not	skos:exactMatch	fairsharing:FAIRsharing.kj336a	orcid:0000-0003-4423-4370	semapv:ManualMappingCuration			2025-03-30
bioregistry:hpm.protein		skos:exactMatch	ncbi:HPM	orcid:0009-0008-8406-631X	semapv:ManualMappingCuration		1496	2025-04-11
bioregistry:hsapdv		skos:exactMatch	ontobee:HsapDv	orcid:0009-0008-8406-631X	semapv:ManualMappingCuration		1496	2025-04-11
bioregistry:icd10cm		skos:exactMatch	aberowl:ICD10CM	orcid:0009-0008-8406-631X	semapv:ManualMappingCuration		1496	2025-04-11
bioregistry:icdc	Not	skos:exactMatch	fairsharing:FAIRsharing.d95034	orcid:0009-0009-5240-7463	semapv:MappingReview			2025-04-03
bioregistry:icdc	Not	skos:exactMatch	re3data:r3d100010405	orcid:0009-0009-5240-7463	semapv:MappingReview			2025-04-03
bioregistry:icdo	Not	skos:exactMatch	aberowl:ICDO	orcid:0000-0003-4423-4370	semapv:ManualMappingCuration			2025-03-30
bioregistry:icdo	Not	skos:exactMatch	bioportal:ICDO	orcid:0000-0003-4423-4370	semapv:ManualMappingCuration			2025-03-30
bioregistry:icdo	Not	skos:exactMatch	ontobee:ICDO	orcid:0000-0003-4423-4370	semapv:ManualMappingCuration			2025-03-30
bioregistry:igsn	Not	skos:exactMatch	n2t:igsn	orcid:0009-0009-5240-7463	semapv:MappingReview			2025-04-03
bioregistry:imgt.hla		skos:exactMatch	cellosaurus:IPD-IMGT/HLA	orcid:0009-0008-8406-631X	semapv:ManualMappingCuration		1496	2025-04-11
bioregistry:inn		skos:exactMatch	wikidata:P2275	orcid:0009-0009-5240-7463	semapv:MappingReview			2025-04-03
bioregistry:insdc		skos:exactMatch	togoid:Insdc	orcid:0009-0008-8406-631X	semapv:ManualMappingCuration		1496	2025-04-11
bioregistry:intact		skos:exactMatch	togoid:Intact	orcid:0009-0009-5240-7463	semapv:MappingReview			2025-04-06
bioregistry:interpro		skos:exactMatch	edam:1133	orcid:0009-0008-8406-631X	semapv:ManualMappingCuration		1496	2025-04-11
bioregistry:interpro		skos:exactMatch	wikidata:P2926	orcid:0009-0009-5240-7463	semapv:MappingReview			2025-04-03
bioregistry:ipi		skos:exactMatch	integbio:nbdc00911	orcid:0009-0009-5240-7463	semapv:MappingReview			2025-04-03
bioregistry:isbn		skos:exactMatch	go:ISBN	orcid:0009-0008-8406-631X	semapv:ManualMappingCuration		1496	2025-04-11
bioregistry:iuphar.family	Not	skos:exactMatch	prefixcommons:iuphar.family	orcid:0009-0008-8406-631X	semapv:ManualMappingCuration	The PrefixCommons iuphar.family actually refers to a narrower subset of GPCR families.	1496	2025-04-11
bioregistry:iuphar.ligand		skos:exactMatch	wikidata:P595	orcid:0009-0008-8406-631X	semapv:ManualMappingCuration		1496	2025-04-11
bioregistry:iuphar.receptor		skos:exactMatch	uniprot:DB-0182	orcid:0009-0009-5240-7463	semapv:MappingReview			2025-04-03
bioregistry:iuphar.receptor		skos:exactMatch	wikidata:P5458	orcid:0009-0009-5240-7463	semapv:MappingReview			2025-04-03
bioregistry:jcrb		skos:exactMatch	cellosaurus:JCRB	orcid:0009-0008-8406-631X	semapv:ManualMappingCuration		1496	2025-04-11
bioregistry:kegg.reaction		skos:exactMatch	go:KEGG_REACTION	orcid:0009-0008-8406-631X	semapv:ManualMappingCuration		1496	2025-04-11
bioregistry:kegg.reaction	Not	skos:exactMatch	wikidata:P665	orcid:0000-0001-9439-5346	semapv:MappingReview		1457	2025-03-31
bioregistry:knapsack		skos:exactMatch	wikidata:P2064	orcid:0009-0009-5240-7463	semapv:MappingReview			2025-04-03
bioregistry:lcsh		skos:exactMatch	wikidata:P244	orcid:0009-0009-5240-7463	semapv:MappingReview			2025-04-09
bioregistry:lincs.cell		skos:exactMatch	cellosaurus:LINCS_LDP	orcid:0009-0008-8406-631X	semapv:ManualMappingCuration		1496	2025-04-11
bioregistry:lipidmaps		skos:exactMatch	re3data:r3d100012315	orcid:0009-0008-8406-631X	semapv:ManualMappingCuration		1496	2025-04-11
bioregistry:lrg		skos:exactMatch	togoid:Lrg	orcid:0009-0008-8406-631X	semapv:ManualMappingCuration		1496	2025-04-11
bioregistry:ma		skos:exactMatch	go:MA	orcid:0009-0008-8406-631X	semapv:ManualMappingCuration		1496	2025-04-11
bioregistry:ma	Not	skos:exactMatch	zazuko:ma	orcid:0000-0003-4423-4370	semapv:ManualMappingCuration			2025-03-30
bioregistry:mdm	Not	skos:exactMatch	aberowl:MDM	orcid:0000-0001-9439-5346	semapv:MappingReview		1457	2025-03-31
bioregistry:mdm	Not	skos:exactMatch	bioportal:MDM	orcid:0009-0009-5240-7463	semapv:MappingReview			2025-04-03
bioregistry:meddra		skos:exactMatch	togoid:Meddra	orcid:0009-0008-8406-631X	semapv:ManualMappingCuration		1496	2025-04-11
bioregistry:mediadive.medium		skos:exactMatch	miriam:mediadive.medium	orcid:0009-0008-8406-631X	semapv:ManualMappingCuration		1496	2025-04-11
bioregistry:mesh		skos:exactMatch	edam:1177	orcid:0009-0008-8406-631X	semapv:ManualMappingCuration		1496	2025-04-11
bioregistry:mgi		skos:exactMatch	edam:3274	orcid:0009-0008-8406-631X	semapv:ManualMappingCuration		1496	2025-04-11
bioregistry:mi		skos:exactMatch	go:PSI-MI	orcid:0009-0008-8406-631X	semapv:ManualMappingCuration		1496	2025-04-11
bioregistry:millipore		skos:exactMatch	cellosaurus:Millipore	orcid:0009-0008-8406-631X	semapv:ManualMappingCuration		1496	2025-04-11
bioregistry:miriam		skos:exactMatch	fairsharing:FAIRsharing.ap169a	orcid:0009-0009-5240-7463	semapv:MappingReview			2025-04-03
bioregistry:mixs		skos:exactMatch	aberowl:MIXS	orcid:0009-0008-8406-631X	semapv:ManualMappingCuration		1496	2025-04-11
bioregistry:mmdb		skos:exactMatch	edam:2667	orcid:0009-0008-8406-631X	semapv:ManualMappingCuration		1496	2025-04-11
bioregistry:mmusdv		skos:exactMatch	ontobee:MmusDv	orcid:0009-0008-8406-631X	semapv:ManualMappingCuration		1496	2025-04-11
bioregistry:mo	Not	skos:exactMatch	lov:mo	orcid:0000-0003-4423-4370	semapv:ManualMappingCuration			2025-03-30
bioregistry:mobidb		skos:exactMatch	uniprot:DB-0183	orcid:0009-0008-8406-631X	semapv:ManualMappingCuration		1496	2025-04-11
bioregistry:mod	Not	skos:exactMatch	bartoc:20333	orcid:0000-0003-4423-4370	semapv:ManualMappingCuration			2025-03-30
bioregistry:mod	Not	skos:exactMatch	lov:mod	orcid:0000-0003-4423-4370	semapv:ManualMappingCuration			2025-03-30
bioregistry:mod		skos:exactMatch	ontobee:MOD	orcid:0009-0008-8406-631X	semapv:ManualMappingCuration		1496	2025-04-11
bioregistry:modeldb		skos:exactMatch	edam:2669	orcid:0009-0008-8406-631X	semapv:ManualMappingCuration		1496	2025-04-11
bioregistry:mondo		skos:exactMatch	togoid:Mondo	orcid:0009-0008-8406-631X	semapv:ManualMappingCuration		1496	2025-04-11
bioregistry:mop	Not	skos:exactMatch	bartoc:20466	orcid:0000-0001-9439-5346	semapv:MappingReview		1457	2025-03-31
bioregistry:mpath	Not	skos:exactMatch	integbio:nbdc01568	orcid:0009-0009-5240-7463	semapv:MappingReview			2025-04-03
bioregistry:mro	Not	skos:exactMatch	bioportal:MRO	orcid:0000-0001-9439-5346	semapv:ManualMappingCuration		1262	2024-11-17
bioregistry:myco.tuber		skos:exactMatch	ncbi:TubercuList	orcid:0009-0008-8406-631X	semapv:ManualMappingCuration		1496	2025-04-11
bioregistry:nbrc		skos:exactMatch	ncbi:NBRC	orcid:0009-0008-8406-631X	semapv:ManualMappingCuration		1496	2025-04-11
bioregistry:ncbi.gc	Not	skos:exactMatch	lov:gc	orcid:0000-0003-4423-4370	semapv:ManualMappingCuration			2025-03-30
bioregistry:ncbigi		skos:exactMatch	go:NCBI_gi	orcid:0009-0009-5240-7463	semapv:MappingReview			2025-04-03
bioregistry:ncbigi		skos:exactMatch	ncbi:GI	orcid:0009-0008-8406-631X	semapv:ManualMappingCuration		1496	2025-04-11
bioregistry:ncbitaxon		skos:exactMatch	cellosaurus:NCBI_TaxID	orcid:0009-0008-8406-631X	semapv:ManualMappingCuration		1496	2025-04-11
bioregistry:ncbitaxon	Not	skos:exactMatch	lov:taxon	orcid:0000-0003-4423-4370	semapv:ManualMappingCuration			2025-03-30
bioregistry:ncbitaxon	Not	skos:exactMatch	prefixcommons:uniprot.taxonomy	orcid:0000-0003-4423-4370	semapv:ManualMappingCuration			2025-03-30
bioregistry:ncbitaxon		skos:exactMatch	togoid:Taxonomy	orcid:0009-0009-5240-7463	semapv:MappingReview			2025-04-09
bioregistry:nddf		skos:exactMatch	aberowl:NDDF	orcid:0009-0008-8406-631X	semapv:ManualMappingCuration		1496	2025-04-11
bioregistry:nemo	Not	skos:exactMatch	aberowl:NEMO	orcid:0000-0003-4423-4370	semapv:ManualMappingCuration			2025-03-30
bioregistry:nemo	Not	skos:exactMatch	bioportal:NEMO	orcid:0000-0003-4423-4370	semapv:ManualMappingCuration			2025-03-30
bioregistry:nemo	Not	skos:exactMatch	fairsharing:FAIRsharing.n66krd	orcid:0000-0003-4423-4370	semapv:ManualMappingCuration			2025-03-30
bioregistry:nextdb		skos:exactMatch	ncbi:NextDB	orcid:0009-0008-8406-631X	semapv:ManualMappingCuration		1496	2025-04-11
bioregistry:ngl	Not	skos:exactMatch	bartoc:20302	orcid:0000-0003-4423-4370	semapv:ManualMappingCuration			2025-03-30
bioregistry:niaest		skos:exactMatch	prefixcommons:niaest	orcid:0009-0008-8406-631X	semapv:ManualMappingCuration		1496	2025-04-11
bioregistry:oae	Not	skos:exactMatch	lov:oae	orcid:0000-0003-4423-4370	semapv:ManualMappingCuration			2025-03-30
bioregistry:ogms	Not	skos:exactMatch	bartoc:216	orcid:0009-0009-5240-7463	semapv:MappingReview			2025-04-03
bioregistry:om	Not	skos:exactMatch	lov:om	orcid:0000-0003-4423-4370	semapv:ManualMappingCuration			2025-03-30
bioregistry:omim	Not	skos:exactMatch	bioportal:MIM	orcid:0000-0003-4423-4370	semapv:ManualMappingCuration			2025-03-30
bioregistry:omim		skos:exactMatch	edam:1153	orcid:0009-0009-5240-7463	semapv:MappingReview			2025-04-09
bioregistry:omim	Not	skos:exactMatch	fairsharing:FAIRsharing.azq2t6	orcid:0000-0003-4423-4370	semapv:ManualMappingCuration			2025-03-30
bioregistry:omim.ps	Not	skos:exactMatch	miriam:ps	orcid:0000-0003-4423-4370	semapv:ManualMappingCuration			2025-03-30
bioregistry:opm	Not	skos:exactMatch	fairsharing:FAIRsharing.7c683b	orcid:0000-0001-9439-5346	semapv:MappingReview		1457	2025-03-31
bioregistry:opm	Not	skos:exactMatch	lov:opm	orcid:0000-0003-4423-4370	semapv:ManualMappingCuration			2025-03-30
bioregistry:otl	Not	skos:exactMatch	lov:otl	orcid:0000-0003-4423-4370	semapv:ManualMappingCuration			2025-03-30
bioregistry:owl	Not	skos:exactMatch	integbio:nbdc00307	orcid:0009-0009-5240-7463	semapv:MappingReview			2025-04-03
bioregistry:panther.family		skos:exactMatch	go:PANTHER	orcid:0009-0008-8406-631X	semapv:ManualMappingCuration		1496	2025-04-11
bioregistry:pathoplant		skos:exactMatch	pathguide:333	orcid:0009-0009-5240-7463	semapv:MappingReview			2025-04-03
bioregistry:pdb		skos:exactMatch	edam:1127	orcid:0009-0008-8406-631X	semapv:ManualMappingCuration		1496	2025-04-11
bioregistry:pdb		skos:exactMatch	togoid:Pdb	orcid:0009-0009-5240-7463	semapv:MappingReview			2025-04-09
bioregistry:pdb-ccd		skos:exactMatch	togoid:PdbCcd	orcid:0009-0008-8406-631X	semapv:ManualMappingCuration		1496	2025-04-11
bioregistry:peco	Not	skos:exactMatch	lov:peco	orcid:0000-0003-4423-4370	semapv:ManualMappingCuration			2025-03-30
bioregistry:ped	Not	skos:exactMatch	fairsharing:FAIRsharing.4ef690	orcid:0009-0009-5240-7463	semapv:MappingReview			2025-04-03
bioregistry:ped	Not	skos:exactMatch	integbio:nbdc02490	orcid:0009-0009-5240-7463	semapv:MappingReview			2025-04-03
bioregistry:pfam		skos:exactMatch	edam:1138	orcid:0009-0008-8406-631X	semapv:ManualMappingCuration		1496	2025-04-11
bioregistry:pfam		skos:exactMatch	togoid:Pfam	orcid:0009-0008-8406-631X	semapv:ManualMappingCuration		1496	2025-04-11
bioregistry:pfr	Not	skos:exactMatch	fairsharing:FAIRsharing.wqsxtg	orcid:0009-0009-5240-7463	semapv:MappingReview			2025-04-03
bioregistry:pfr	Not	skos:exactMatch	re3data:r3d100012385	orcid:0009-0009-5240-7463	semapv:MappingReview			2025-04-03
bioregistry:pgdso		skos:exactMatch	obofoundry:pgdso	orcid:0009-0008-8406-631X	semapv:ManualMappingCuration		1496	2025-04-11
bioregistry:pharmgkb.pathways		skos:exactMatch	wikidata:P7001	orcid:0009-0008-8406-631X	semapv:ManualMappingCuration		1496	2025-04-11
bioregistry:pirsf		skos:exactMatch	edam:1136	orcid:0009-0008-8406-631X	semapv:ManualMappingCuration		1496	2025-04-11
bioregistry:pirsf		skos:exactMatch	uniprot:DB-0079	orcid:0009-0008-8406-631X	semapv:ManualMappingCuration		1496	2025-04-11
bioregistry:plana		skos:exactMatch	ontobee:PLANA	orcid:0009-0009-5240-7463	semapv:MappingReview			2025-04-03
bioregistry:plasmodb		skos:exactMatch	go:PlasmoDB	orcid:0009-0008-8406-631X	semapv:ManualMappingCuration		1496	2025-04-11
bioregistry:plasmodb		skos:exactMatch	ncbi:ApiDB_PlasmoDB	orcid:0009-0008-8406-631X	semapv:ManualMappingCuration		1496	2025-04-11
bioregistry:plo	Not	skos:exactMatch	lov:plo	orcid:0000-0003-4423-4370	semapv:ManualMappingCuration			2025-03-30
bioregistry:pmc		skos:exactMatch	cellosaurus:PMCID	orcid:0009-0009-5240-7463	semapv:MappingReview			2025-04-03
bioregistry:pmc		skos:exactMatch	fairsharing:FAIRsharing.2b4316	orcid:0009-0008-8406-631X	semapv:ManualMappingCuration		1496	2025-04-11
bioregistry:pmc		skos:exactMatch	go:PMCID	orcid:0009-0009-5240-7463	semapv:MappingReview			2025-04-03
bioregistry:pmr		skos:exactMatch	aberowl:PMR	orcid:0009-0009-5240-7463	semapv:MappingReview			2025-04-03
bioregistry:pmr		skos:exactMatch	bioportal:PMR	orcid:0009-0009-5240-7463	semapv:MappingReview			2025-04-03
bioregistry:po	Not	skos:exactMatch	lov:po	orcid:0000-0003-4423-4370	semapv:ManualMappingCuration			2025-03-30
bioregistry:pombase		skos:exactMatch	go:PomBase	orcid:0009-0008-8406-631X	semapv:ManualMappingCuration		1496	2025-04-11
bioregistry:ppdb	Not	skos:exactMatch	fairsharing:FAIRsharing.7k8zh0	orcid:0009-0009-5240-7463	semapv:MappingReview			2025-04-03
bioregistry:ppo	Not	skos:exactMatch	lov:ppo	orcid:0000-0003-4423-4370	semapv:ManualMappingCuration			2025-03-30
bioregistry:pr	Not	skos:exactMatch	lov:pro	orcid:0000-0003-4423-4370	semapv:ManualMappingCuration			2025-03-30
bioregistry:pride		skos:exactMatch	aberowl:PRIDE	orcid:0009-0009-5240-7463	semapv:MappingReview			2025-04-03
bioregistry:pride	Not	skos:exactMatch	integbio:nbdc00630	orcid:0000-0001-9439-5346	semapv:MappingReview		1457	2025-03-31
bioregistry:prosite		skos:exactMatch	togoid:Prosite	orcid:0009-0008-8406-631X	semapv:ManualMappingCuration		1496	2025-04-11
bioregistry:pso	Not	skos:exactMatch	bioportal:pso	orcid:0009-0009-5240-7463	semapv:MappingReview			2025-04-03
bioregistry:pso	Not	skos:exactMatch	fairsharing:FAIRsharing.dyj433	orcid:0000-0001-9439-5346	semapv:MappingReview		1457	2025-03-31
bioregistry:pso	Not	skos:exactMatch	lov:pso	orcid:0000-0003-4423-4370	semapv:ManualMappingCuration			2025-03-30
bioregistry:pubchem.compound		skos:exactMatch	edam:2639	orcid:0009-0008-8406-631X	semapv:ManualMappingCuration		1496	2025-04-11
bioregistry:pubchem.compound	Not	skos:exactMatch	pathguide:361	orcid:0000-0001-9439-5346	semapv:MappingReview		1457	2025-03-31
bioregistry:pubchem.substance		skos:exactMatch	go:PubChem_Substance	orcid:0009-0008-8406-631X	semapv:ManualMappingCuration		1496	2025-04-11
bioregistry:pubmed	Not	skos:exactMatch	cheminf:000302	orcid:0009-0009-5240-7463	semapv:MappingReview			2025-04-03
bioregistry:pubmed		skos:exactMatch	fairsharing:FAIRsharing.2b9b61	orcid:0009-0008-8406-631X	semapv:ManualMappingCuration		1496	2025-04-11
bioregistry:rdo	Not	skos:exactMatch	aberowl:RDO	orcid:0000-0003-4423-4370	semapv:ManualMappingCuration			2025-03-30
bioregistry:rdo	Not	skos:exactMatch	bioportal:RDO	orcid:0000-0003-4423-4370	semapv:ManualMappingCuration			2025-03-30
bioregistry:reactome	Not	skos:exactMatch	lov:react	orcid:0000-0003-4423-4370	semapv:ManualMappingCuration			2025-03-30
bioregistry:reaxys		skos:exactMatch	edam:1003	orcid:0009-0009-5240-7463	semapv:MappingReview			2025-04-09
bioregistry:refseq		skos:exactMatch	edam:1098	orcid:0009-0008-8406-631X	semapv:ManualMappingCuration		1496	2025-04-11
bioregistry:rgd	Not	skos:exactMatch	aberowl:RGD	orcid:0009-0009-5240-7463	semapv:MappingReview			2025-04-03
bioregistry:rgd	Not	skos:exactMatch	bioportal:RGD	orcid:0009-0009-5240-7463	semapv:MappingReview			2025-04-03
bioregistry:rgd		skos:exactMatch	edam:2620	orcid:0009-0009-5240-7463	semapv:MappingReview			2025-04-03
bioregistry:rgd		skos:exactMatch	togoid:Rgd	orcid:0009-0009-5240-7463	semapv:MappingReview			2025-04-09
bioregistry:rhea		skos:exactMatch	togoid:Rhea	orcid:0009-0009-5240-7463	semapv:MappingReview			2025-04-09
bioregistry:ro	Not	skos:exactMatch	bioportal:OBOREL	orcid:0000-0003-4423-4370	semapv:ManualMappingCuration			2025-03-30
bioregistry:ro	Not	skos:exactMatch	fairsharing:FAIRsharing.cp0ybc	orcid:0000-0003-4423-4370	semapv:ManualMappingCuration			2025-03-30
bioregistry:ro	Not	skos:exactMatch	lov:ro	orcid:0000-0003-4423-4370	semapv:ManualMappingCuration			2025-03-30
bioregistry:rtecs		skos:exactMatch	cheminf:000566	orcid:0009-0008-8406-631X	semapv:ManualMappingCuration		1496	2025-04-11
bioregistry:sabiork.reaction		skos:exactMatch	uniprot:DB-0177	orcid:0009-0008-8406-631X	semapv:ManualMappingCuration		1496	2025-04-11
bioregistry:sao	Not	skos:exactMatch	bartoc:1756	orcid:0000-0003-4423-4370	semapv:ManualMappingCuration			2025-03-30
bioregistry:sao	Not	skos:exactMatch	lov:sao	orcid:0000-0003-4423-4370	semapv:ManualMappingCuration			2025-03-30
bioregistry:sdbs		skos:exactMatch	integbio:nbdc01520	orcid:0009-0008-8406-631X	semapv:ManualMappingCuration		1496	2025-04-11
bioregistry:seed.subsystem	Not	skos:exactMatch	fairsharing:FAIRsharing.68b03f	orcid:0000-0003-4423-4370	semapv:ManualMappingCuration			2025-03-30
bioregistry:seed.subsystem		skos:exactMatch	ncbi:SEED	orcid:0009-0008-8406-631X	semapv:ManualMappingCuration		1496	2025-04-11
bioregistry:seinet		skos:exactMatch	wikidata:P6209	orcid:0009-0009-5240-7463	semapv:MappingReview			2025-04-03
bioregistry:sgd		skos:exactMatch	togoid:Sgd	orcid:0009-0008-8406-631X	semapv:ManualMappingCuration		1496	2025-04-11
bioregistry:sgn		skos:exactMatch	go:SGN	orcid:0009-0008-8406-631X	semapv:ManualMappingCuration		1496	2025-04-11
bioregistry:sigmaaldrich		skos:exactMatch	pathguide:236	orcid:0009-0009-5240-7463	semapv:MappingReview			2025-04-03
bioregistry:slm		skos:exactMatch	togoid:Swisslipids	orcid:0009-0008-8406-631X	semapv:ManualMappingCuration		1496	2025-04-11
bioregistry:smart		skos:exactMatch	togoid:Smart	orcid:0009-0009-5240-7463	semapv:MappingReview			2025-04-09
bioregistry:snap	Not	skos:exactMatch	pathguide:494	orcid:0009-0009-5240-7463	semapv:MappingReview			2025-04-03
bioregistry:snap	Not	skos:exactMatch	prefixcommons:snap	orcid:0009-0009-5240-7463	semapv:MappingReview			2025-04-03
bioregistry:string		skos:exactMatch	uniprot:DB-0141	orcid:0009-0009-5240-7463	semapv:MappingReview			2025-04-03
bioregistry:string	Not	skos:exactMatch	zazuko:string	orcid:0000-0003-4423-4370	semapv:ManualMappingCuration			2025-03-30
bioregistry:sty	Not	skos:exactMatch	biolink:UMLSSG	orcid:0000-0003-4423-4370	semapv:ManualMappingCuration			2025-03-30
bioregistry:sty		skos:exactMatch	wikidata:P11955	orcid:0009-0008-8406-631X	semapv:ManualMappingCuration		1496	2025-04-11
bioregistry:supfam		skos:exactMatch	prefixcommons:superfamily	orcid:0009-0008-8406-631X	semapv:ManualMappingCuration		1496	2025-04-11
bioregistry:synapse	Not	skos:exactMatch	aberowl:SYN	orcid:0000-0001-9439-5346	semapv:ManualMappingCuration		1559	2025-05-04
bioregistry:synapse	Not	skos:exactMatch	fairsharing:FAIRsharing.43m9f6	orcid:0000-0001-9439-5346	semapv:ManualMappingCuration		1559	2025-05-04
bioregistry:t4fs		skos:exactMatch	ontobee:T4FS	orcid:0009-0008-8406-631X	semapv:ManualMappingCuration		1496	2025-04-11
bioregistry:tair.locus		skos:exactMatch	go:TAIR	orcid:0009-0008-8406-631X	semapv:ManualMappingCuration		1496	2025-04-11
bioregistry:tair.locus		skos:exactMatch	ncbi:TAIR	orcid:0009-0008-8406-631X	semapv:ManualMappingCuration		1496	2025-04-11
bioregistry:tao	Not	skos:exactMatch	lov:tao	orcid:0000-0003-4423-4370	semapv:ManualMappingCuration			2025-03-30
bioregistry:tarbase		skos:exactMatch	pathguide:283	orcid:0009-0009-5240-7463	semapv:MappingReview			2025-04-03
bioregistry:te	Not	skos:exactMatch	lov:te	orcid:0000-0003-4423-4370	semapv:ManualMappingCuration			2025-03-30
bioregistry:tgd	Not	skos:exactMatch	prefixcommons:tgd	orcid:0009-0008-8406-631X	semapv:ManualMappingCuration		1496	2025-04-11
bioregistry:tigrfam		skos:exactMatch	edam:1141	orcid:0009-0008-8406-631X	semapv:ManualMappingCuration		1496	2025-04-11
bioregistry:trans	Not	skos:exactMatch	bioportal:TRANS	orcid:0000-0001-9439-5346	semapv:MappingReview		1457	2025-03-31
bioregistry:trans	Not	skos:exactMatch	fairsharing:FAIRsharing.nygmp7	orcid:0009-0009-5240-7463	semapv:MappingReview			2025-04-03
bioregistry:tsc		skos:exactMatch	rrid:TSC	orcid:0009-0009-5240-7463	semapv:MappingReview			2025-04-03
bioregistry:uberon		skos:exactMatch	togoid:Uberon	orcid:0009-0008-8406-631X	semapv:ManualMappingCuration		1496	2025-04-11
bioregistry:ucum		skos:exactMatch	bartoc:1895	orcid:0009-0008-8406-631X	semapv:ManualMappingCuration		1496	2025-04-11
bioregistry:unigene		skos:exactMatch	re3data:r3d100010774	orcid:0009-0008-8406-631X	semapv:ManualMappingCuration		1496	2025-04-11
bioregistry:unii		skos:exactMatch	cheminf:000563	orcid:0009-0008-8406-631X	semapv:ManualMappingCuration		1496	2025-04-11
bioregistry:uniprot		skos:exactMatch	aberowl:UP	orcid:0009-0009-5240-7463	semapv:MappingReview			2025-04-09
bioregistry:uniprot		skos:exactMatch	togoid:Uniprot	orcid:0009-0008-8406-631X	semapv:ManualMappingCuration		1496	2025-04-11
bioregistry:uniprot.ptm	Not	skos:exactMatch	prefixcommons:ptmswitchboard	orcid:0000-0003-4423-4370	semapv:ManualMappingCuration			2025-03-30
bioregistry:unirule		skos:exactMatch	go:UniRule	orcid:0009-0008-8406-631X	semapv:ManualMappingCuration		1496	2025-04-11
bioregistry:unite		skos:exactMatch	edam:2390	orcid:0009-0009-5240-7463	semapv:MappingReview			2025-04-09
bioregistry:unite		skos:exactMatch	re3data:r3d100011316	orcid:0009-0008-8406-631X	semapv:ManualMappingCuration		1496	2025-04-11
bioregistry:upa		skos:exactMatch	ontobee:UPA	orcid:0009-0009-5240-7463	semapv:MappingReview			2025-04-03
bioregistry:vcard		skos:exactMatch	lov:vcard	orcid:0009-0009-5240-7463	semapv:MappingReview			2025-04-03
bioregistry:vgnc		skos:exactMatch	cellosaurus:VGNC	orcid:0009-0008-8406-631X	semapv:ManualMappingCuration		1496	2025-04-11
bioregistry:vgnc		skos:exactMatch	uniprot:DB-0226	orcid:0009-0008-8406-631X	semapv:ManualMappingCuration		1496	2025-04-11
bioregistry:vipr		skos:exactMatch	re3data:r3d100011931	orcid:0009-0008-8406-631X	semapv:ManualMappingCuration		1496	2025-04-11
bioregistry:vso	Not	skos:exactMatch	lov:vso	orcid:0000-0003-4423-4370	semapv:ManualMappingCuration			2025-03-30
bioregistry:wbphenotype		skos:exactMatch	go:WBPhenotype	orcid:0009-0008-8406-631X	semapv:ManualMappingCuration		1496	2025-04-11
bioregistry:wikipathways	Not	skos:exactMatch	aberowl:wikipathways	orcid:0000-0003-4423-4370	semapv:ManualMappingCuration			2025-03-30
bioregistry:wikipathways	Not	skos:exactMatch	bioportal:wikipathways	orcid:0000-0003-4423-4370	semapv:ManualMappingCuration			2025-03-30
bioregistry:wikipedia.en		skos:exactMatch	go:Wikipedia	orcid:0009-0009-5240-7463	semapv:MappingReview			2025-04-03
bioregistry:wormbase		skos:exactMatch	uniprot:DB-0110	orcid:0009-0008-8406-631X	semapv:ManualMappingCuration		1496	2025-04-11
bioregistry:xco		skos:exactMatch	ontobee:XCO	orcid:0009-0008-8406-631X	semapv:ManualMappingCuration		1496	2025-04-11
bioregistry:ximbio		skos:exactMatch	cellosaurus:Ximbio	orcid:0009-0008-8406-631X	semapv:ManualMappingCuration		1496	2025-04-11
bioregistry:ypo		skos:exactMatch	obofoundry:ypo	orcid:0009-0008-8406-631X	semapv:ManualMappingCuration		1496	2025-04-11
